,,,,
,,,,
bias,,,,
biased,,,,
biases,,,,
biasing,,,,
blamable,,,,
blame,,,,
blamed,,,,
blames,,,,
blameworthiness,,,,
blameworthinesses,,,,
blameworthy,,,,
blaming,,,,
corrupt,,,,
corrupted,,,,
corruptibilities,,,,
corruptibility,,,,
corruptible,,,,
corrupting,,,,
corruption,,,,
corruptions,,,,
corruptive,,,,
corruptly,,,,
corruptness,,,,
corruptnesses,,,,
corrupts,,,,
crime,,,,
crimes,,,,
criminal,,,,
criminalities,,,,
criminality,,,,
,,,,
criminalize,,,,
criminalized,,,,
criminalizes,,,,
criminalizing,,,,
criminally,,,,
criminalness,,,,
criminalnesses,,,,
criminals,,,,
criminate,,,,
criminated,,,,
criminates,,,,
criminating,,,,
criminative,,,,
criminatory,,,,
danger,,,,
dangerous,,,,
dangerously,,,,
dangerousness,,,,
dangerousnesses,,,,
dangers,,,,
disappoint,,,,
disappointed,,,,
disappointedly,,,,
disappointing,,,,
disappointment,,,,
disappointments,,,,
disappoints,,,,
discriminate,,,,
discriminated,,,,
discriminates,,,,
discriminating,,,,
discrimination,,,,
discriminations,,,,
discriminative,,,,
discriminator,,,,
discriminators,,,,
discriminatory,,,,
disgrace,,,,
disgraced,,,,
disgraceful,,,,
disgracefully,,,,
disgracefulness,,,,
disgracefulnesses,,,,
disgraces,,,,
disgracing,,,,
fail,,,,
failed,,,,
failing,,,,
failings,,,,
fails,,,,
failure,,,,
failures,,,,
fault,,,,
faulted,,,,
faultily,,,,
faultiness,,,,
faultinesses,,,,
faulting,,,,
faults,,,,
faulty,,,,
illegal,,,,
illegalities,,,,
illegality,,,,
illegally,,,,
incompetence,,,,
incompetences,,,,
incompetencies,,,,
incompetency,,,,
incompetent,,,,
incompetently,,,,
incompetents,,,,
incriminate,,,,
incriminated,,,,
incriminates,,,,
incriminating,,,,
incrimination,,,,
incriminations,,,,
incriminatory,,,,
inefficiencies,,,,
inefficiency,,,,
inefficient,,,,
inefficiently,,,,
insufficiencies,,,,
insufficiency,,,,
insufficient,,,,
insufficiently,,,,
insult,,,,
insulted,,,,
insulting,,,,
insults,,,,
irresponsibilities,,,,
irresponsibility,,,,
irresponsible,,,,
irresponsibleness,,,,
irresponsiblenesses,,,,
irresponsibly,,,,
liar,,,,
liars,,,,
lie,,,,
lied,,,,
lies,,,,
lying,,,,
,,,,
mislead,,,,
misleader,,,,
misleaders,,,,
misleading,,,,
misleads,,,,
misled,,,,
phonies,,,,
phony,,,,
ridicule,,,,
ridiculed,,,,
ridiculer,,,,
ridiculers,,,,
ridicules,,,,
ridiculing,,,,
ridiculous,,,,
ridiculously,,,,
ridiculousness,,,,
ridiculousnesses,,,,
ruin,,,,
ruination,,,,
ruinations,,,,
ruined,,,,
ruiner,,,,
ruiners,,,,
ruining,,,,
ruinings,,,,
ruinous,,,,
ruinously,,,,
ruins,,,,
sabotage,,,,
sabotaged,,,,
sabotages,,,,
sabotaging,,,,
scam,,,,
scammer,,,,
scammers,,,,
scams,,,,
shame,,,,
shamed,,,,
shameful,,,,
shamefully,,,,
shamefulness,,,,
shamefulnesses,,,,
shames,,,,
shaming,,,,
stupid,,,,
stupidities,,,,
stupidity,,,,
stupidly,,,,
stupids,,,,
trouble,,,,
troubled,,,,
troubles,,,,
troublesome,,,,
troublesome,,,,
troublesomeness,,,,
troublesomenesses,,,,
troubling,,,,
useless,,,,
uselessly,,,,
uselessness,,,,
uselessnesses,,,,
wrong,,,,
wronged,,,,
wronging,,,,
wrongly,,,,
wrongness,,,,
wrongnesses,,,,
wrongs,,,,
accusation,,,,
accusations,,,,
accusative,,,,
accusatorial,,,,
accusatory,,,,
accuse,,,,
accused,,,,
accuser,,,,
accusers,,,,
accuses,,,,
accusing,,,,
allegation,,,,
allegations,,,,
blamable,,,,
blame,,,,
blameable,,,,
blamed,,,,
blames,,,,
blameworthiness,,,,
blameworthinesses,,,,
blameworthy,,,,
blaming,,,,
favoritism,,,,
favoritisms,,,,
hold responsible for,,,,
impeach,,,,
impeached,,,,
impeaches,,,,
impeaching,,,,
impeachment,,,,
impeachments,,,,
indict,,,,
indicted,,,,
indicting,,,,
indictment,,,,
indictments,,,,
indicts,,,,
not fair,,,,
not good,,,,