Helpless_words,,,,,,
abandon,,,,,,
abandoned,,,,,,
abandoning,,,,,,
abandonment,,,,,,
abandonments,,,,,,
abandons,,,,,,
abort,,,,,,
aborted,,,,,,
aborting,,,,,,
aborts,,,,,,
absence,,,,,,
absences,,,,,,
absent,,,,,,
absented,,,,,,
absentee,,,,,,
absentees,,,,,,
absenting,,,,,,
absently,,,,,,
absents,,,,,,
absurd,,,,,,
absurdities,,,,,,
absurdity,,,,,,
absurdly,,,,,,
absurdness,,,,,,
absurdnesses,,,,,,
absurds,,,,,,
abuse,,,,,,
abused,,,,,,
abuser,,,,,,
abusers,,,,,,
abuses,,,,,,
abusing,,,,,,
abusive,,,,,,
abusively,,,,,,
alone,,,,,,
aloneness,,,,,,
alonenesses,,,,,,
Aren’t possible,,,,,,
at no time,,,,,,
bad,,,,,,
barren,,,,,,
barrenness,,,,,,
barrennesses,,,,,,
barrens,,,,,,
beyond recall,,,,,,
blew out,,,,,,
blowing out,,,,,,
blown out,,,,,,
blows out,,,,,,
bootless,,,,,,
bow out,,,,,,
catastrophe,,,,,,
catastrophes,,,,,,
checked out,,,,,,
checked-out,,,,,,
collapse,,,,,,
collapsed,,,,,,
collapses,,,,,,
collapsing,,,,,,
contrary to reason,,,,,,
crush,,,,,,
crushed,,,,,,
crushes,,,,,,
crushing,,,,,,
crushingly,,,,,,
crushings,,,,,,
cynic,,,,,,
cynical,,,,,,
cynically,,,,,,
cynics,,,,,,
damage,,,,,,
damaged,,,,,,
damages,,,,,,
damaging,,,,,,
debile,,,,,,
debilitate,,,,,,
debilitated,,,,,,
debilitates,,,,,,
debilitating,,,,,,
debilitation,,,,,,
debilitations,,,,,,
debilitative,,,,,,
debilities,,,,,,
debility,,,,,,
decay,,,,,,
decayed,,,,,,
decaying,,,,,,
decays,,,,,,
deject,,,,,,
dejected,,,,,,
dejecting,,,,,,
dejection,,,,,,
dejections,,,,,,
dejects,,,,,,
delusion,,,,,,
delusional,,,,,,
delusions,,,,,,
delusive,,,,,,
delusively,,,,,,
delusory,,,,,,
demolish,,,,,,
demolished,,,,,,
demolishes,,,,,,
demolishing,,,,,,
demolishings,,,,,,
demolition,,,,,,
demolitions,,,,,,
demoralization,,,,,,
demoralizations,,,,,,
demoralize,,,,,,
demoralized,,,,,,
demoralizes,,,,,,
demoralizing,,,,,,
desert,,,,,,
deserted,,,,,,
deserter,,,,,,
deserters,,,,,,
deserting,,,,,,
desertion,,,,,,
desertions,,,,,,
deserts,,,,,,
desolate,,,,,,
desolated,,,,,,
desolates,,,,,,
desolating,,,,,,
desolation,,,,,,
desolations,,,,,,
despair,,,,,,
despaired,,,,,,
despairing,,,,,,
despairs,,,,,,
desperate,,,,,,
desperately,,,,,,
desperates,,,,,,
desperation,,,,,,
despond,,,,,,
desponded,,,,,,
despondence,,,,,,
despondences,,,,,,
despondencies,,,,,,
despondency,,,,,,
despondent,,,,,,
despondently,,,,,,
desponding,,,,,,
desponds,,,,,,
disabilities,,,,,,
disability,,,,,,
disable,,,,,,
disabled,,,,,,
disableds,,,,,,
disablement,,,,,,
disablements,,,,,,
disables,,,,,,
disabling,,,,,,
disaster,,,,,,
disasters,,,,,,
disastrous,,,,,,
disastrously,,,,,,
discourage,,,,,,
discouraged,,,,,,
discouragement,,,,,,
discouragements,,,,,,
discourages,,,,,,
discouraging,,,,,,
don't hold your breath,,,,,,
downhearted,,,,,,
downheartedness,,,,,,
downheartednesses,,,,,,
drop,,,,,,
drop out,,,,,,
dropped,,,,,,
Dropped out,,,,,,
Dropping,,,,,,
Dropping out,,,,,,
drops,,,,,,
dump,,,,,,
dumped,,,,,,
dumper,,,,,,
dumpers,,,,,,
dumpiness,,,,,,
dumpinesses,,,,,,
dumping,,,,,,
dumpings,,,,,,
dumps,,,,,,
dumpy,,,,,,
empties,,,,,,
emptiness,,,,,,
emptinesses,,,,,,
empty,,,,,,
emptying,,,,,,
emptyings,,,,,,
endless,,,,,,
endlessly,,,,,,
endlessness,,,,,,
endlessnesses,,,,,,
exhaust,,,,,,
exhausted,,,,,,
exhausting,,,,,,
exhaustion,,,,,,
exhaustions,,,,,,
exhausts,,,,,,
exterminate,,,,,,
exterminated,,,,,,
exterminates,,,,,,
exterminating,,,,,,
exterminator,,,,,,
exterminators,,,,,,
extinct,,,,,,
extinction,,,,,,
extinctions,,,,,,
extinguish,,,,,,
extinguished,,,,,,
extinguisher,,,,,,
extinguishers,,,,,,
extinguishes,,,,,,
extinguishing,,,,,,
fatal,,,,,,
fatalities,,,,,,
fatality,,,,,,
fatally,,,,,,
fault,,,,,,
faulted,,,,,,
faultily,,,,,,
faultiness,,,,,,
faultinesses,,,,,,
faulting,,,,,,
faults,,,,,,
faulty,,,,,,
forlorn,,,,,,
forlornly,,,,,,
forsake,,,,,,
forsaken,,,,,,
forsakes,,,,,,
forsaking,,,,,,
forsakings,,,,,,
forsook,,,,,,
fruitless,,,,,,
fruitlessly,,,,,,
fruitlessness,,,,,,
fruitlessnesses,,,,,,
futile,,,,,,
futilely,,,,,,
futilities,,,,,,
futility,,,,,,
garbage,,,,,,
garbages,,,,,,
Gave up,,,,,,
give up,,,,,,
Given up,,,,,,
Giving up,,,,,,
goner,,,,,,
goners,,,,,,
hang it up,,,,,,
hardly possible,,,,,,
helpless,,,,,,
helplessly,,,,,,
helplessness,,,,,,
helplessnesses,,,,,,
hollow,,,,,,
hollowed,,,,,,
hollowing,,,,,,
hollowness,,,,,,
hollowness,,,,,,
hollownesses,,,,,,
hollownesses,,,,,,
hollows,,,,,,
hundred-to-one,,,,,,
idle,,,,,,
idled,,,,,,
idleness,,,,,,
idlenesses,,,,,,
idler,,,,,,
idlers,,,,,,
idles,,,,,,
idling,,,,,,
idlings,,,,,,
idly,,,,,,
Ill fated,,,,,,
ill-fated,,,,,,
ill-fated,,,,,,
illogical,,,,,,
illogicalities,,,,,,
illogicality,,,,,,
illogically,,,,,,
illogicalness,,,,,,
illogicalnesses,,,,,,
impassable,,,,,,
impervious,,,,,,
imperviousness,,,,,,
imperviousnesses,,,,,,
impossibilities,,,,,,
impossibility,,,,,,
impossible,,,,,,
impossible,,,,,,
impossibleness,,,,,,
impossiblenesses,,,,,,
impracticabilities,,,,,,
impracticability,,,,,,
impracticable,,,,,,
impracticableness,,,,,,
impracticablenesses,,,,,,
impracticably,,,,,,
impractical,,,,,,
impracticalities,,,,,,
impracticality,,,,,,
in despair,,,,,,
in vain,,,,,,
inaccessibilities,,,,,,
inaccessibility,,,,,,
inaccessible,,,,,,
inaccessibly,,,,,,
inapplicabilities,,,,,,
inapplicability,,,,,,
inapplicable,,,,,,
incapabilities,,,,,,
incapability,,,,,,
incapable,,,,,,
incapableness,,,,,,
incapablenesses,,,,,,
inconceivabilities,,,,,,
inconceivability,,,,,,
inconceivable,,,,,,
inconceivableness,,,,,,
inconceivablenesses,,,,,,
inconceivably,,,,,,
incurabilities,,,,,,
incurability,,,,,,
incurable,,,,,,
incurableness,,,,,,
incurablenesses,,,,,,
incurables,,,,,,
incurably,,,,,,
ineffective,,,,,,
ineffectively,,,,,,
ineffectiveness,,,,,,
ineffectivenesses,,,,,,
ineffectual,,,,,,
ineffectualities,,,,,,
ineffectuality,,,,,,
ineffectually,,,,,,
ineffectualness,,,,,,
ineffectualnesses,,,,,,
inefficacious,,,,,,
inefficaciously,,,,,,
inefficaciousness,,,,,,
inefficaciousnesses,,,,,,
infeasibilities,,,,,,
infeasibility,,,,,,
infeasible,,,,,,
inoperable,,,,,,
insufficiencies,,,,,,
insufficiency,,,,,,
insufficient,,,,,,
insufficiently,,,,,,
insurmountable,,,,,,
irredeemable,,,,,,
irreversibilities,,,,,,
irreversibility,,,,,,
irreversible,,,,,,
irreversibly,,,,,,
irrevocable,,,,,,
irrevocably,,,,,,
Isn't possible,,,,,,
isn't possible,,,,,,
leave flat,,,,,,
leave hanging,,,,,,
Leaves flat,,,,,,
leaves hanging,,,,,,
Leaving flat,,,,,,
leaving hanging,,,,,,
Left flat,,,,,,
Left hanging,,,,,,
lose,,,,,,
loser,,,,,,
losers,,,,,,
loses,,,,,,
losing,,,,,,
losings,,,,,,
lost,,,,,,
meaningless,,,,,,
meaninglessness,,,,,,
meaninglessnesses,,,,,,
miserable,,,,,,
miserableness,,,,,,
miserablenesses,,,,,,
miserably,,,,,,
n't possible,,,,,,
never-ending,,,,,,
nevermore,,,,,,
no dice,,,,,,
no go,,,,,,
no way,,,,,,
no win,,,,,,
no-go,,,,,,
no-win,,,,,,
nonfunctional,,,,,,
nonviable,,,,,,
not a prayer,,,,,,
not at all,,,,,,
not ever,,,,,,
not in any way,,,,,,
not in the least,,,,,,
not on your life,,,,,,
not possible,,,,,,
Not possible,,,,,,
not under any condition,,,,,,
nugatory,,,,,,
otiose,,,,,,
out of the question,,,,,,
out the window,,,,,,
paralyze,,,,,,
paralyzed,,,,,,
paralyzes,,,,,,
paralyzing,,,,,,
past hope,,,,,,
pointless,,,,,,
pointlessly,,,,,,
pointlessness,,,,,,
pointlessnesses,,,,,,
preposterous,,,,,,
profitless,,,,,,
profitlessly,,,,,,
pull out,,,,,,
push off,,,,,,
quit,,,,,,
quits,,,,,,
quitted,,,,,,
quitter,,,,,,
quitters,,,,,,
quitting,,,,,,
ravage,,,,,,
ravaged,,,,,,
ravages,,,,,,
ravaging,,,,,,
ravagings,,,,,,
relinquish,,,,,,
relinquished,,,,,,
relinquishes,,,,,,
relinquishing,,,,,,
relinquishings,,,,,,
relinquishment,,,,,,
relinquishments,,,,,,
renounce,,,,,,
renounced,,,,,,
renouncement,,,,,,
renouncements,,,,,,
renounces,,,,,,
renouncing,,,,,,
renunciant,,,,,,
renunciation,,,,,,
renunciations,,,,,,
resign,,,,,,
resignation,,,,,,
resignations,,,,,,
resigned,,,,,,
resigning,,,,,,
resigns,,,,,,
retire,,,,,,
retired,,,,,,
retiree,,,,,,
retirees,,,,,,
retirement,,,,,,
retirements,,,,,,
retires,,,,,,
retiring,,,,,,
romance,,,,,,
ruin,,,,,,
ruination,,,,,,
ruinations,,,,,,
ruined,,,,,,
ruiner,,,,,,
ruiners,,,,,,
ruining,,,,,,
ruinings,,,,,,
ruinous,,,,,,
ruinously,,,,,,
ruins,,,,,,
run out on,,,,,,
sad,,,,,,
sadly,,,,,,
sadness,,,,,,
sadnesses,,,,,,
save one's breath,,,,,,
Shoot down,,,,,,
Shoots down,,,,,,
shot down,,,,,,
Shotting down,,,,,,
sinister,,,,,,
Sink,,,,,,
sinking,,,,,,
sinkings,,,,,,
sinks,,,,,,
smash,,,,,,
smashed,,,,,,
smashes,,,,,,
smashing,,,,,,
smashings,,,,,,
speculate,,,,,,
starry-eyed,,,,,,
sterile,,,,,,
sterileness,,,,,,
sterilenesses,,,,,,
sterilities,,,,,,
sterility,,,,,,
stupid,,,,,,
stupidities,,,,,,
stupidity,,,,,,
stupidly,,,,,,
stupids,,,,,,
subversion,,,,,,
subversions,,,,,,
subversive,,,,,,
subversiveness,,,,,,
subversivenesses,,,,,,
subversives,,,,,,
subvert,,,,,,
subverted,,,,,,
subverter,,,,,,
subverters,,,,,,
subverting,,,,,,
subverts,,,,,,
suck,,,,,,
sucked,,,,,,
sucker,,,,,,
suckers,,,,,,
sucking,,,,,,
suckings,,,,,,
sucks,,,,,,
suction,,,,,,
suctions,,,,,,
suctorial,,,,,,
sunk,,,,,,
sunken,,,,,,
surrender,,,,,,
surrendered,,,,,,
surrenderer,,,,,,
surrenderers,,,,,,
surrendering,,,,,,
surrenders,,,,,,
terrible,,,,,,
terribleness,,,,,,
terriblenesses,,,,,,
terribly,,,,,,
theoretical,,,,,,
theoretically,,,,,,
threaten,,,,,,
threatened,,,,,,
threatening,,,,,,
threatens,,,,,,
to no avail,,,,,,
to no effect,,,,,,
to no purpose,,,,,,
too much,,,,,,
torn down,,,,,,
tragedies,,,,,,
tragedy,,,,,,
tragic,,,,,,
tragical,,,,,,
tragically,,,,,,
trifle,,,,,,
trifled,,,,,,
trifler,,,,,,
triflers,,,,,,
trifles,,,,,,
trifling,,,,,,
triflings,,,,,,
trivia,,,,,,
trivial,,,,,,
trivialities,,,,,,
triviality,,,,,,
trivialize,,,,,,
trivialized,,,,,,
trivializes,,,,,,
trivializing,,,,,,
trivially,,,,,,
trivias,,,,,,
unable,,,,,,
unachievable,,,,,,
unachievably,,,,,,
unattainable,,,,,,
unattainableness,,,,,,
unattainablenesses,,,,,,
unattainably,,,,,,
unavailing,,,,,,
uncorrectable,,,,,,
unfathomable,,,,,,
unfeasibilities,,,,,,
unfeasibility,,,,,,
unfeasible,,,,,,
unfortunate,,,,,,
unfortunately,,,,,,
unfortunates,,,,,,
unimaginable,,,,,,
unimaginably,,,,,,
unimportance,,,,,,
unimportances,,,,,,
unimportant,,,,,,
unmitigable,,,,,,
unneeded,,,,,,
unobtainable,,,,,,
unproductive,,,,,,
unproductively,,,,,,
unproductiveness,,,,,,
unproductivenesses,,,,,,
unreal,,,,,,
unreasonable,,,,,,
unreasonably,,,,,,
unrecoverable,,,,,,
unsatisfactorily,,,,,,
unsatisfactoriness,,,,,,
unsatisfactorinesses,,,,,,
unsatisfactory,,,,,,
unserviceable,,,,,,
unsubstantial,,,,,,
unsubstantialize,,,,,,
unsuccessful,,,,,,
unsuccessfully,,,,,,
unthinkable,,,,,,
unthinkably,,,,,,
unusable,,,,,,
unwise,,,,,,
unwiseness,,,,,,
unwisenesses,,,,,,
unworkable,,,,,,
up the creek,,,,,,
useless,,,,,,
uselessly,,,,,,
uselessness,,,,,,
uselessnesses,,,,,,
vain,,,,,,
vainly,,,,,,
valueless,,,,,,
valuelessness,,,,,,
valuelessnesses,,,,,,
walk out on,,,,,,
Wasn’t possible,,,,,,
way-out,,,,,,
way-out,,,,,,
weak,,,,,,
weakly,,,,,,
weakness,,,,,,
weaknesses,,,,,,
went,,,,,,
Weren’t possible,,,,,,
wild,,,,,,
wilderness,,,,,,
wildernesses,,,,,,
wildness,,,,,,
wildnesses,,,,,,
wilds,,,,,,
Will not fly,,,,,,
withdraw,,,,,,
withdrawal,,,,,,
withdrawals,,,,,,
withdrawer,,,,,,
withdrawers,,,,,,
withdrawing,,,,,,
withdrawn,,,,,,
withdraws,,,,,,
withdrew,,,,,,
woebegone,,,,,,
won't fly,,,,,,
Worse,,,,,,
Worsen,,,,,,
worsen,,,,,,
worsened,,,,,,
worsening,,,,,,
worsenings,,,,,,
worsens,,,,,,
worthless,,,,,,
worthlessly,,,,,,
worthlessness,,,,,,
worthlessnesses,,,,,,
wreck,,,,,,
wreckage,,,,,,
wreckages,,,,,,
wrecked,,,,,,
wrecker,,,,,,
wreckers,,,,,,
wrecking,,,,,,
wreckings,,,,,,
wrecks,,,,,,
yield to,,,,,,
Yielded to,,,,,,
Yielding to,,,,,,