INCOMPOTENCE_words,,,,
abort,,,,
aborted,,,,
aborting,,,,
abortive,,,,
abortively,,,,
aborts,,,,
absurd,,,,
absurdities,,,,
absurdity,,,,
absurdly,,,,
absurdness,,,,
absurdnesses,,,,
absurds,,,,
abysmal,,,,
abyss,,,,
abysses,,,,
amateur,,,,
amateurish,,,,
amateurishness,,,,
amateurishnesses,,,,
amateurs,,,,
anticlimactic,,,,
anticlimax,,,,
anticlimaxes,,,,
awful,,,,
awfully,,,,
awfulness,,,,
awfulnesses,,,,
awkward,,,,
awkwardly,,,,
awkwardness,,,,
awkwardnesses,,,,
bad,,,,
badly,,,,
badness,,,,
badnesses,,,,
bads,,,,
barely,,,,
bareness,,,,
barenesses,,,,
barren,,,,
barrenness,,,,
barrennesses,,,,
barrens,,,,
bootless,,,,
bungle,,,,
bungled,,,,
bungler,,,,
bunglers,,,,
bungles,,,,
bungling,,,,
butterfingers,,,,
can not,,,,
Canâ€™t,,,,
chicken,,,,
chickens,,,,
clumsily,,,,
clumsiness,,,,
clumsinesses,,,,
clumsy,,,,
cripple,,,,
crippled,,,,
cripples,,,,
crippling,,,,
debile,,,,
debilitate,,,,
debilitated,,,,
debilitates,,,,
debilitating,,,,
debilitation,,,,
debilitations,,,,
debilitative,,,,
debilities,,,,
debility,,,,
decrepit,,,,
defect,,,,
defected,,,,
defecting,,,,
defection,,,,
defections,,,,
defects,,,,
defenseless,,,,
defenselessness,,,,
defenselessnesses,,,,
deficiencies,,,,
deficiency,,,,
deficient,,,,
deplete,,,,
depleted,,,,
depletes,,,,
depleting,,,,
depletion,,,,
depletions,,,,
depress,,,,
depressant,,,,
depressants,,,,
depressed,,,,
depresses,,,,
depressing,,,,
depression,,,,
depressions,,,,
disabilities,,,,
disability,,,,
disable,,,,
disabled,,,,
disableds,,,,
disablement,,,,
disablements,,,,
disables,,,,
disabling,,,,
disappoint,,,,
disappointed,,,,
disappointing,,,,
disappointment,,,,
disappointments,,,,
disappoints,,,,
disgrace,,,,
disgraced,,,,
disgraces,,,,
disgracing,,,,
disgust,,,,
disgusted,,,,
disgusting,,,,
disgusts,,,,
disqualification,,,,
disqualifications,,,,
disqualified,,,,
disqualifies,,,,
disqualify,,,,
disqualifying,,,,
dried,,,,
Dried up,,,,
dry,,,,
Dry up,,,,
drying,,,,
Drying up,,,,
dud,,,,
duds,,,,
dumb,,,,
Dumb ass,,,,
dumbass,,,,
dumbasses,,,,
dumbly,,,,
dumbness,,,,
dumbnesses,,,,
effete,,,,
emasculate,,,,
emasculated,,,,
emasculates,,,,
emasculating,,,,
emasculation,,,,
emasculations,,,,
enervate,,,,
enervated,,,,
enervates,,,,
enervating,,,,
enervation,,,,
enervations,,,,
enfeeble,,,,
enfeebled,,,,
enfeeblement,,,,
enfeeblements,,,,
enfeebles,,,,
enfeebling,,,,
err,,,,
errancies,,,,
errancy,,,,
errant,,,,
erred,,,,
erring,,,,
erroneous,,,,
erroneously,,,,
erroneousness,,,,
erroneousnesses,,,,
error,,,,
errors,,,,
errs,,,,
exhaust,,,,
exhausted,,,,
exhausting,,,,
exhaustion,,,,
exhaustions,,,,
exhausts,,,,
fail,,,,
failed,,,,
failing,,,,
failings,,,,
fails,,,,
failure,,,,
failures,,,,
faint,,,,
faint-hearted,,,,
fainted,,,,
fainting,,,,
faintly,,,,
faintness,,,,
faintnesses,,,,
faints,,,,
fault,,,,
faulted,,,,
faultily,,,,
faultiness,,,,
faultinesses,,,,
faulting,,,,
faults,,,,
faulty,,,,
feckless,,,,
fecklessly,,,,
fecklessness,,,,
fecklessnesses,,,,
feeble,,,,
feebleness,,,,
feeblenesses,,,,
feebly,,,,
flaccid,,,,
flaccidities,,,,
flaccidity,,,,
flaw,,,,
flawed,,,,
flawing,,,,
flaws,,,,
flimsies,,,,
flimsily,,,,
flimsiness,,,,
flimsinesses,,,,
flimsy,,,,
flounder,,,,
floundered,,,,
floundering,,,,
flounders,,,,
fool,,,,
fooled,,,,
fooleries,,,,
foolery,,,,
fooling,,,,
foolish,,,,
foolishly,,,,
foolishness,,,,
foolishnesses,,,,
fools,,,,
forceless,,,,
found wanting,,,,
fragile,,,,
fragilities,,,,
fragility,,,,
frail,,,,
frailness,,,,
frailnesses,,,,
frails,,,,
fraud,,,,
frauds,,,,
fruitless,,,,
fruitlessly,,,,
fruitlessness,,,,
fruitlessnesses,,,,
futile,,,,
futilely,,,,
futilities,,,,
futility,,,,
garbage,,,,
garbage,,,,
glitch,,,,
glitches,,,,
good-for-nothing,,,,
gutless,,,,
gutlessness,,,,
gutlessnesses,,,,
handicap,,,,
handicapped,,,,
handicappeds,,,,
handicapper,,,,
handicappers,,,,
handicapping,,,,
handicaps,,,,
helpless,,,,
helplessly,,,,
helplessness,,,,
helplessnesses,,,,
hesitance,,,,
hesitances,,,,
hesitancies,,,,
hesitancy,,,,
hesitant,,,,
hesitantly,,,,
hideous,,,,
hideously,,,,
hideousness,,,,
hideousnesses,,,,
hollow,,,,
hollowed,,,,
hollowing,,,,
hollowness,,,,
hollownesses,,,,
hollows,,,,
hopeless,,,,
hopelessly,,,,
hopelessness,,,,
hopelessnesses,,,,
idiot,,,,
idiotic,,,,
idiotically,,,,
idiots,,,,
idle,,,,
idled,,,,
idleness,,,,
idlenesses,,,,
idler,,,,
idlers,,,,
idles,,,,
idling,,,,
idlings,,,,
idly,,,,
ignorance,,,,
ignorances,,,,
ignorant,,,,
ignorantly,,,,
ignorantness,,,,
ignorantnesses,,,,
ignore,,,,
ignored,,,,
ignores,,,,
ignoring,,,,
illogical,,,,
illogicalities,,,,
illogicality,,,,
illogically,,,,
illogicalness,,,,
illogicalnesses,,,,
imperfect,,,,
imperfectly,,,,
imperfectness,,,,
imperfectnesses,,,,
imperfects,,,,
impotence,,,,
impotences,,,,
impotencies,,,,
impotency,,,,
impotent,,,,
impotently,,,,
impuissance,,,,
impuissances,,,,
impuissant,,,,
inaccuracies,,,,
inaccuracy,,,,
inaccurate,,,,
inaccurately,,,,
inadequate,,,,
inadequately,,,,
inadequateness,,,,
inadequatenesses,,,,
inane,,,,
inanely,,,,
inanities,,,,
inanity,,,,
inappreciable,,,,
inapt,,,,
inaptness,,,,
inaptnesses,,,,
incapabilities,,,,
incapability,,,,
incapable,,,,
incapableness,,,,
incapablenesses,,,,
incapacitate,,,,
incapacitated,,,,
incapacitates,,,,
incapacitating,,,,
incommensurate,,,,
incompetence,,,,
incompetences,,,,
incompetencies,,,,
incompetency,,,,
incompetent,,,,
incompetently,,,,
incompetents,,,,
incomplete,,,,
incompletely,,,,
incompleteness,,,,
incompletenesses,,,,
inconsequential,,,,
inconsiderable,,,,
inconsistencies,,,,
inconsistency,,,,
inconsistent,,,,
inconsistently,,,,
indecisive,,,,
indecisively,,,,
indecisiveness,,,,
indecisivenesses,,,,
indispose,,,,
indisposed,,,,
indisposes,,,,
indisposing,,,,
indisposition,,,,
indispositions,,,,
ineffective,,,,
ineffectively,,,,
ineffectiveness,,,,
ineffectivenesses,,,,
ineffectual,,,,
ineffectualities,,,,
ineffectuality,,,,
ineffectually,,,,
ineffectualness,,,,
ineffectualnesses,,,,
inefficacious,,,,
inefficaciously,,,,
inefficaciousness,,,,
inefficaciousnesses,,,,
ineligibilities,,,,
ineligibility,,,,
ineligible,,,,
inept,,,,
ineptly,,,,
ineptness,,,,
ineptnesses,,,,
inert,,,,
inertness,,,,
inertnesses,,,,
inexperienced,,,,
inexpert,,,,
inexpertly,,,,
inferior,,,,
inferiorities,,,,
inferiority,,,,
inferiors,,,,
infirm,,,,
infirmities,,,,
infirmity,,,,
inoperative,,,,
insubstantial,,,,
insubstantialities,,,,
insubstantiality,,,,
insufficiencies,,,,
insufficiency,,,,
insufficient,,,,
insufficiently,,,,
invalid,,,,
invalided,,,,
invaliding,,,,
invalidities,,,,
invalidity,,,,
invalidness,,,,
invalidnesses,,,,
invalids,,,,
irrational,,,,
irrationalities,,,,
irrationality,,,,
irrationally,,,,
irrationals,,,,
irresolute,,,,
irresolutely,,,,
irresoluteness,,,,
irresolutenesses,,,,
junk,,,,
junked,,,,
junking,,,,
junks,,,,
lack,,,,
lackadaisical,,,,
lackadaisically,,,,
lacked,,,,
lacking,,,,
lacks,,,,
lame,,,,
lamed,,,,
lamely,,,,
lameness,,,,
lamenesses,,,,
lament,,,,
lamentable,,,,
lamentation,,,,
lamentations,,,,
lamented,,,,
lamenter,,,,
lamenters,,,,
lamenting,,,,
laments,,,,
lames,,,,
laming,,,,
languid,,,,
languidly,,,,
languor,,,,
languorous,,,,
languorously,,,,
languors,,,,
laugh,,,,
laughable,,,,
laughably,,,,
laughed,,,,
laugher,,,,
laughers,,,,
laughing,,,,
laughs,,,,
lemon,,,,
lemons,,,,
lemony,,,,
lice,,,,
limit,,,,
limitation,,,,
limitations,,,,
limited,,,,
limitedly,,,,
limiteds,,,,
limiter,,,,
limiters,,,,
limiting,,,,
limits,,,,
limp,,,,
limped,,,,
limper,,,,
limpers,,,,
limping,,,,
limpness,,,,
limpnesses,,,,
limps,,,,
lose,,,,
loser,,,,
losers,,,,
loses,,,,
losing,,,,
losings,,,,
lost,,,,
louse,,,,
lousiness,,,,
lousinesses,,,,
lousy,,,,
low,,,,
lowness,,,,
lownesses,,,,
lows,,,,
maladroit,,,,
maladroitly,,,,
maladroitness,,,,
maladroitnesses,,,,
meager,,,,
meagerly,,,,
meagerness,,,,
meagernesses,,,,
meaningless,,,,
meaninglessness,,,,
meaninglessnesses,,,,
mess,,,,
messed,,,,
messes,,,,
messily,,,,
messiness,,,,
messinesses,,,,
messing,,,,
messy,,,,
minus,,,,
minuses,,,,
miser,,,,
miserable,,,,
miserableness,,,,
miserablenesses,,,,
miserably,,,,
miserliness,,,,
miserlinesses,,,,
miserly,,,,
misers,,,,
naive,,,,
naively,,,,
naiveness,,,,
naivenesses,,,,
nastily,,,,
nastiness,,,,
nastinesses,,,,
nasty,,,,
nerveless,,,,
nervelessly,,,,
nervelessness,,,,
nervelessnesses,,,,
neutralization,,,,
neutralizations,,,,
neutralize,,,,
neutralized,,,,
neutralizes,,,,
neutralizing,,,,
no-go,,,,
not cut out for,,,,
not effective,,,,
not enough,,,,
not equal to,,,,
not have it,,,,
not up to,,,,
nugatory,,,,
obtuse,,,,
obtusely,,,,
obtuseness,,,,
obtusenesses,,,,
out of gas,,,,
out to lunch,,,,
paltriness,,,,
paltrinesses,,,,
paltry,,,,
paralyze,,,,
paralyzed,,,,
paralyzes,,,,
paralyzing,,,,
parsimonies,,,,
parsimonious,,,,
parsimoniousness,,,,
parsimoniousnesses,,,,
parsimony,,,,
passive,,,,
passively,,,,
passiveness,,,,
passivenesses,,,,
passives,,,,
passivities,,,,
passivity,,,,
pathetic,,,,
pathetically,,,,
pitiful,,,,
pitifully,,,,
pointless,,,,
pointlessly,,,,
pointlessness,,,,
pointlessnesses,,,,
poor,,,,
poorly,,,,
poorness,,,,
poornesses,,,,
poors,,,,
powerless,,,,
powerlessly,,,,
powerlessness,,,,
powerlessnesses,,,,
punily,,,,
puniness,,,,
puninesses,,,,
puny,,,,
repulsive,,,,
repulsively,,,,
repulsiveness,,,,
repulsivenesses,,,,
retard,,,,
retardation,,,,
retardations,,,,
retarded,,,,
retarding,,,,
retards,,,,
ricketiness,,,,
ricketinesses,,,,
rickety,,,,
ridicule,,,,
ridiculed,,,,
ridiculer,,,,
ridiculers,,,,
ridicules,,,,
ridiculing,,,,
ridiculous,,,,
ridiculously,,,,
ridiculousness,,,,
ridiculousnesses,,,,
rocky,,,,
rotten,,,,
rottenly,,,,
rottenness,,,,
rottennesses,,,,
scanties,,,,
scantily,,,,
scantiness,,,,
scantinesses,,,,
scanty,,,,
scarce,,,,
scarcely,,,,
scarceness,,,,
scarcenesses,,,,
scarcities,,,,
scarcity,,,,
second-rate,,,,
senile,,,,
senilities,,,,
senility,,,,
shake,,,,
shaken,,,,
shaker,,,,
shakers,,,,
shakes,,,,
shakily,,,,
shakiness,,,,
shakinesses,,,,
shaking,,,,
shakings,,,,
shaky,,,,
shame,,,,
shamed,,,,
shames,,,,
shaming,,,,
shied,,,,
shies,,,,
shook,,,,
short,,,,
shorted,,,,
shorting,,,,
shortly,,,,
shortness,,,,
shortnesses,,,,
shorts,,,,
shy,,,,
shying,,,,
shyly,,,,
shyness,,,,
shynesses,,,,
sickly,,,,
sillies,,,,
silliness,,,,
sillinesses,,,,
silly,,,,
simple-minded,,,,
sketchy,,,,
skimpily,,,,
skimpy,,,,
slow,,,,
slowed,,,,
slowing,,,,
slowings,,,,
slowly,,,,
slowness,,,,
slownesses,,,,
slows,,,,
sluggish,,,,
sluggishly,,,,
sluggishness,,,,
sluggishnesses,,,,
sparse,,,,
sparsely,,,,
sparseness,,,,
sparsenesses,,,,
sparsities,,,,
sparsity,,,,
spindly,,,,
spineless,,,,
spinelessness,,,,
spinelessnesses,,,,
sterile,,,,
sterileness,,,,
sterilenesses,,,,
sterilities,,,,
sterility,,,,
stunt,,,,
stunted,,,,
stunting,,,,
stuntings,,,,
stunts,,,,
stupid,,,,
stupidities,,,,
stupidity,,,,
stupidly,,,,
stupids,,,,
suck,,,,
sucked,,,,
sucker,,,,
suckers,,,,
sucking,,,,
suckings,,,,
sucks,,,,
suction,,,,
suctions,,,,
supine,,,,
supinely,,,,
terrible,,,,
terribleness,,,,
terriblenesses,,,,
terribly,,,,
thin,,,,
thinly,,,,
thinned,,,,
thinner,,,,
thinners,,,,
thinness,,,,
thinnesses,,,,
thinning,,,,
thinnings,,,,
thins,,,,
torpid,,,,
torpidities,,,,
torpidity,,,,
torpidly,,,,
torpidness,,,,
torpidnesses,,,,
trash,,,,
trashed,,,,
trashes,,,,
trashiness,,,,
trashinesses,,,,
trashing,,,,
trashy,,,,
trivia,,,,
trivial,,,,
trivialities,,,,
triviality,,,,
trivialize,,,,
trivialized,,,,
trivializes,,,,
trivializing,,,,
trivially,,,,
tying,,,,
tyings,,,,
unable,,,,
unacceptabilities,,,,
unacceptability,,,,
unacceptable,,,,
unacceptableness,,,,
unacceptablenesses,,,,
unavailabilities,,,,
unavailability,,,,
unavailable,,,,
unavailing,,,,
uncertain,,,,
uncertainly,,,,
uncertainness,,,,
uncertainnesses,,,,
uncool,,,,
undependabilities,,,,
undependability,,,,
undependable,,,,
undependableness,,,,
undependablenesses,,,,
undependably,,,,
unequal,,,,
unequally,,,,
unequipped,,,,
unfit,,,,
unfitness,,,,
unfitnesses,,,,
unfits,,,,
unfitted,,,,
unfitting,,,,
unfounded,,,,
unfruitful,,,,
uninitiated,,,,
unproductive,,,,
unproductively,,,,
unproductiveness,,,,
unproductivenesses,,,,
unprofessional,,,,
unprofitabilities,,,,
unprofitability,,,,
unprofitable,,,,
unprofitableness,,,,
unprofitablenesses,,,,
unprofitably,,,,
unqualified,,,,
unqualifiedly,,,,
unreliabilities,,,,
unreliability,,,,
unreliable,,,,
unreliableness,,,,
unreliablenesses,,,,
unreliably,,,,
unskilled,,,,
unskillful,,,,
unskillfulness,,,,
unskillfulnesses,,,,
unsound,,,,
unsoundness,,,,
unsoundnesses,,,,
unsteadily,,,,
unsteadiness,,,,
unsteadinesses,,,,
unsteady,,,,
unsubstantial,,,,
unsubstantialize,,,,
unsubstantiated,,,,
unsuccessful,,,,
unsuccessfully,,,,
unsuited,,,,
untrained,,,,
useless,,,,
uselessly,,,,
uselessness,,,,
uselessnesses,,,,
vain,,,,
vainly,,,,
vanities,,,,
vanity,,,,
void,,,,
voidable,,,,
voidance,,,,
voidances,,,,
voided,,,,
voider,,,,
voiders,,,,
voiding,,,,
voidings,,,,
voids,,,,
vulnerabilities,,,,
vulnerability,,,,
vulnerable,,,,
vulnerably,,,,
wastage,,,,
wastages,,,,
waste,,,,
wasted,,,,
waster,,,,
wasters,,,,
wastes,,,,
wasting,,,,
wastings,,,,
waverer,,,,
waverers,,,,
wavering,,,,
waverings,,,,
wavers,,,,
weak,,,,
weaken,,,,
weakened,,,,
weakener,,,,
weakeners,,,,
weakening,,,,
weakenings,,,,
weakens,,,,
weakly,,,,
weakness,,,,
weaknesses,,,,
wimp,,,,
wimps,,,,
wimpy,,,,
wishy-washy,,,,
wither,,,,
withered,,,,
withering,,,,
witheringly,,,,
witherings,,,,
withers,,,,
wobble,,,,
wobbled,,,,
wobbler,,,,
wobblers,,,,
wobbles,,,,
wobbling,,,,
wobbly,,,,
worthless,,,,
worthlessly,,,,
worthlessness,,,,
worthlessnesses,,,,
wrong,,,,
wronged,,,,
wronging,,,,
wrongly,,,,
wrongness,,,,
wrongnesses,,,,
wrongs,,,,