Lack_trust_words,,,,
absurd,,,,
absurdities,,,,
absurdity,,,,
absurdly,,,,
absurdness,,,,
absurdnesses,,,,
absurds,,,,
apocryphal,,,,
artificial,,,,
artificialities,,,,
artificiality,,,,
artificially,,,,
audacious,,,,
audaciously,,,,
audaciousness,,,,
audaciousnesses,,,,
audacities,,,,
audacity,,,,
babble,,,,
babbled,,,,
babbler,,,,
babblers,,,,
babbles,,,,
babbling,,,,
babblings,,,,
balderdash,,,,
balderdashes,,,,
baloney,,,,
baloneys,,,,
blather,,,,
blathered,,,,
blathering,,,,
blathers,,,,
bluff,,,,
bluffed,,,,
bluffer,,,,
bluffers,,,,
bluffing,,,,
bluffly,,,,
bluffness,,,,
bluffnesses,,,,
bluffs,,,,
bogus,,,,
bs,,,,
bullshit,,,,
bullshits,,,,
bullshitted,,,,
bullshitting,,,,
chatter,,,,
chattered,,,,
chatterer,,,,
chatterers,,,,
chattering,,,,
chatterings,,,,
chatters,,,,
cheat,,,,
cheated,,,,
cheater,,,,
cheaters,,,,
cheating,,,,
cheatings,,,,
cheats,,,,
chimera,,,,
chimeral,,,,
chimeras,,,,
chimeric,,,,
chimerical,,,,
claptrap,,,,
claptraps,,,,
Cook up,,,,
Cooked,,,,
Cooked up,,,,
Cooked-up,,,,
Cooking up,,,,
Cooking-up,,,,
Cooks up,,,,
corrupt,,,,
corrupted,,,,
corruptibilities,,,,
corruptibility,,,,
corruptible,,,,
corrupting,,,,
corruption,,,,
corruptions,,,,
corruptive,,,,
corruptly,,,,
corruptness,,,,
corruptnesses,,,,
corrupts,,,,
counterfeit,,,,
counterfeited,,,,
counterfeiter,,,,
counterfeiters,,,,
counterfeiting,,,,
counterfeits,,,,
craze,,,,
crazed,,,,
crazes,,,,
crazies,,,,
crazily,,,,
craziness,,,,
crazinesses,,,,
crazing,,,,
crazy,,,,
creature,,,,
creatures,,,,
crime,,,,
crimes,,,,
criminal,,,,
criminalise,,,,
criminalities,,,,
criminality,,,,
criminalize,,,,
criminalized,,,,
criminalizes,,,,
criminalizing,,,,
criminally,,,,
criminalness,,,,
criminalnesses,,,,
criminals,,,,
criminate,,,,
criminated,,,,
criminates,,,,
criminating,,,,
criminative,,,,
criminatory,,,,
crook,,,,
crooked,,,,
crookedly,,,,
crookedness,,,,
crookednesses,,,,
crooking,,,,
crooks,,,,
deceit,,,,
deceitful,,,,
deceitfully,,,,
deceitfulness,,,,
deceitfulnesses,,,,
deceits,,,,
deceive,,,,
deceived,,,,
deceiver,,,,
deceivers,,,,
deceives,,,,
deceiving,,,,
deception,,,,
deceptions,,,,
deceptive,,,,
deceptively,,,,
deceptiveness,,,,
deceptivenesses,,,,
delude,,,,
deluded,,,,
deludes,,,,
deluding,,,,
delusion,,,,
delusional,,,,
delusions,,,,
delusive,,,,
delusively,,,,
delusory,,,,
Didn't trust,,,,
dirty,,,,
dishonest,,,,
dishonestly,,,,
distort,,,,
distorted,,,,
distorting,,,,
distortion,,,,
distortionist,,,,
distortionists,,,,
distortions,,,,
distorts,,,,
Do not trust,,,,
Doesn't trust,,,,
Don't trust,,,,
Double talk,,,,
Double talking,,,,
Double talks,,,,
Double-talked,,,,
doubt,,,,
doubted,,,,
doubter,,,,
doubters,,,,
doubting,,,,
doubts,,,,
drivel,,,,
drivelled,,,,
driveller,,,,
drivellers,,,,
drivelling,,,,
drivels,,,,
evil,,,,
evilly,,,,
evilness,,,,
evilnesses,,,,
evils,,,,
fabricate,,,,
fabricated,,,,
fabricates,,,,
fabricating,,,,
fabrication,,,,
fabrications,,,,
factitious,,,,
fake,,,,
faked,,,,
faker,,,,
fakeries,,,,
fakers,,,,
fakery,,,,
fakes,,,,
faking,,,,
falsely,,,,
falseness,,,,
falsenesses,,,,
falsie,,,,
falsies,,,,
falsification,,,,
falsifications,,,,
falsified,,,,
falsifier,,,,
falsifiers,,,,
falsifies,,,,
falsify,,,,
falsifying,,,,
falsities,,,,
falsity,,,,
fanciful,,,,
fancifully,,,,
fantasies,,,,
fantasist,,,,
fantasists,,,,
fantasize,,,,
fantasized,,,,
fantasizes,,,,
fantasizing,,,,
fantastical,,,,
fantasy,,,,
Fast and loose,,,,
fatuities,,,,
fatuity,,,,
fatuous,,,,
fatuously,,,,
fatuousness,,,,
fatuousnesses,,,,
fault,,,,
faulted,,,,
faultily,,,,
faultiness,,,,
faultinesses,,,,
faulting,,,,
faults,,,,
faulty,,,,
feign,,,,
feigned,,,,
feigning,,,,
feignings,,,,
feigns,,,,
fiction,,,,
fictional,,,,
fictionalization,,,,
fictionalizations,,,,
fictionalize,,,,
fictionalized,,,,
fictionalizes,,,,
fictionalizing,,,,
fictions,,,,
fictitious,,,,
fictitiously,,,,
fictive,,,,
flightiness,,,,
flightinesses,,,,
flighty,,,,
follies,,,,
folly,,,,
foolish,,,,
foolishly,,,,
foolishness,,,,
foolishnesses,,,,
forge,,,,
forged,,,,
forger,,,,
forgeries,,,,
forgers,,,,
forgery,,,,
forges,,,,
forging,,,,
forgings,,,,
foul,,,,
fouled,,,,
fouling,,,,
foully,,,,
foulness,,,,
foulnesses,,,,
fouls,,,,
fraud,,,,
frauds,,,,
fraudulence,,,,
fraudulences,,,,
fraudulent,,,,
fraudulently,,,,
garbage,,,,
garbages,,,,
gibber,,,,
gibbered,,,,
gibbering,,,,
gibberish,,,,
gibberishes,,,,
gibbers,,,,
gobbledygook,,,,
gobbledygooks,,,,
hesitance,,,,
hesitances,,,,
hesitancies,,,,
hesitancy,,,,
hesitant,,,,
hesitantly,,,,
hesitate,,,,
hesitated,,,,
hesitater,,,,
hesitaters,,,,
hesitates,,,,
hesitating,,,,
hesitation,,,,
hesitations,,,,
hesitator,,,,
hesitators,,,,
hid,,,,
hidden,,,,
hide,,,,
hides,,,,
hiding,,,,
hidings,,,,
hocus-pocus,,,,
hocus-pocuses,,,,
hogwash,,,,
hogwashes,,,,
hooey,,,,
hooeys,,,,
Hype up,,,,
Hyped up,,,,
Hypes up,,,,
Hyping up,,,,
illegal,,,,
illegalities,,,,
illegality,,,,
illegally,,,,
illusion,,,,
illusional,,,,
illusionary,,,,
illusionist,,,,
illusionists,,,,
illusions,,,,
illusory,,,,
imaginaries,,,,
imaginary,,,,
imagination,,,,
imaginations,,,,
imaginative,,,,
imaginatively,,,,
imaginativeness,,,,
imaginativenesses,,,,
imagine,,,,
imagined,,,,
imagines,,,,
imagining,,,,
inane,,,,
inanely,,,,
inanities,,,,
inanity,,,,
incriminate,,,,
incriminated,,,,
incriminates,,,,
incriminating,,,,
incrimination,,,,
incriminations,,,,
incriminatory,,,,
invent,,,,
invented,,,,
inventing,,,,
invention,,,,
inventions,,,,
inventive,,,,
inventively,,,,
inventiveness,,,,
inventivenesses,,,,
invents,,,,
irrational,,,,
irrationalities,,,,
irrationality,,,,
irrationally,,,,
irrationals,,,,
jabber,,,,
jabbered,,,,
jabberer,,,,
jabberers,,,,
jabbering,,,,
jabberings,,,,
jabbers,,,,
jargon,,,,
jargons,,,,
jazzy,,,,
liar,,,,
liars,,,,
lie,,,,
lied,,,,
lies,,,,
lying,,,,
lyings,,,,
mad,,,,
Made believe,,,,
Made-believe,,,,
Made-up,,,,
made-up,,,,
madly,,,,
madness,,,,
madnesses,,,,
Make believe,,,,
Makes believe,,,,
Makes up,,,,
Makes-believe,,,,
Making believe,,,,
Making up,,,,
Making up,,,,
Making-believe,,,,
manufacture,,,,
manufactured,,,,
manufactures,,,,
manufacturing,,,,
mislead,,,,
misleader,,,,
misleaders,,,,
misleading,,,,
misleads,,,,
misled,,,,
mock,,,,
mocked,,,,
mocker,,,,
mockeries,,,,
mockers,,,,
mockery,,,,
mocking,,,,
mocks,,,,
Mumbo jumbo,,,,
myth,,,,
mythic,,,,
mythical,,,,
mythologic,,,,
mythological,,,,
mythologize,,,,
mythologized,,,,
mythologizes,,,,
mythologizing,,,,
mythology,,,,
myths,,,,
nonsense,,,,
nonsenses,,,,
Not to be trusted,,,,
Not trusted,,,,
Not trusting,,,,
Not trustworthy,,,,
pagan,,,,
paganize,,,,
paganized,,,,
paganizes,,,,
paganizing,,,,
pagans,,,,
palaver,,,,
palavered,,,,
palavering,,,,
palavers,,,,
phonies,,,,
phony,,,,
plastic,,,,
plastically,,,,
plasticities,,,,
plasticity,,,,
plastics,,,,
poppycock,,,,
poppycocks,,,,
prattle,,,,
prattled,,,,
prattler,,,,
prattlers,,,,
prattles,,,,
prattling,,,,
pretence,,,,
pretences,,,,
pretend,,,,
pretended,,,,
pretender,,,,
pretenders,,,,
pretending,,,,
pretendings,,,,
pretends,,,,
pretense,,,,
pretenses,,,,
pretension,,,,
pretensions,,,,
pretentious,,,,
pretentiously,,,,
pretentiousness,,,,
pretentiousnesses,,,,
pseudo,,,,
pseudoes,,,,
questionable,,,,
questionably,,,,
rant,,,,
ranted,,,,
ranter,,,,
ranters,,,,
ranting,,,,
rantings,,,,
rants,,,,
rash,,,,
rashly,,,,
rashness,,,,
rashnesses,,,,
rot,,,,
rots,,,,
rotted,,,,
rotting,,,,
rottings,,,,
rubbish,,,,
rubbished,,,,
rubbishes,,,,
rubbishing,,,,
rubbishy,,,,
scandal,,,,
scandalization,,,,
scandalizations,,,,
scandalize,,,,
scandalized,,,,
scandalizes,,,,
scandalizing,,,,
scandalous,,,,
scandalously,,,,
scandalousness,,,,
scandalousnesses,,,,
scandals,,,,
senseless,,,,
senselessly,,,,
senselessness,,,,
senselessnesses,,,,
shabbily,,,,
shabbiness,,,,
shabbinesses,,,,
shabby,,,,
shade,,,,
shaded,,,,
shades,,,,
shadiness,,,,
shadinesses,,,,
shading,,,,
shadings,,,,
shady,,,,
sham,,,,
shammed,,,,
shammer,,,,
shammers,,,,
shamming,,,,
shams,,,,
Should not trust,,,,
Shouldn't trust,,,,
sillies,,,,
silliness,,,,
sillinesses,,,,
silly,,,,
simulate,,,,
simulated,,,,
simulates,,,,
simulating,,,,
simulation,,,,
simulations,,,,
simulator,,,,
simulators,,,,
specious,,,,
speciously,,,,
speciousness,,,,
speciousnesses,,,,
spurious,,,,
spuriously,,,,
spuriousness,,,,
spuriousnesses,,,,
stupid,,,,
stupidities,,,,
stupidity,,,,
stupidly,,,,
stupids,,,,
supposal,,,,
supposals,,,,
suppose,,,,
supposed,,,,
supposes,,,,
supposing,,,,
supposition,,,,
suppositional,,,,
suppositions,,,,
suppositious,,,,
supposititious,,,,
Sus,,,,
suspect,,,,
suspected,,,,
suspecting,,,,
suspects,,,,
suspicion,,,,
suspicions,,,,
suspicious,,,,
suspiciously,,,,
suspiciousness,,,,
suspiciousnesses,,,,
synthetic,,,,
synthetical,,,,
synthetically,,,,
synthetics,,,,
trash,,,,
trashed,,,,
trashes,,,,
trashiness,,,,
trashinesses,,,,
trashing,,,,
trashy,,,,
treacheries,,,,
treacherous,,,,
treacherously,,,,
treachery,,,,
treason,,,,
treasonist,,,,
treasonists,,,,
treasonous,,,,
treasons,,,,
trick,,,,
tricked,,,,
tricker,,,,
trickeries,,,,
trickers,,,,
trickery,,,,
trickily,,,,
trickiness,,,,
trickinesses,,,,
tricking,,,,
tricks,,,,
trickster,,,,
tricksters,,,,
tricksy,,,,
tricky,,,,
tripe,,,,
tripes,,,,
Trump up,,,,
Trumped,,,,
Trumped up,,,,
trumped-up,,,,
Trumping up,,,,
Trumps,,,,
Trumps up,,,,
twaddle,,,,
twaddled,,,,
twaddler,,,,
twaddlers,,,,
twaddles,,,,
twaddling,,,,
unfaithful,,,,
unfaithfully,,,,
unfaithfulness,,,,
unfaithfulnesses,,,,
unnatural,,,,
unnaturally,,,,
unnaturalness,,,,
unnaturalnesses,,,,
unreal,,,,
unrealities,,,,
unreality,,,,
untrustworthiness,,,,
untrustworthinesses,,,,
untrustworthy,,,,
wrong,,,,
wronged,,,,
wronging,,,,
wrongly,,,,
wrongness,,,,
wrongnesses,,,,
wrongs,,,,
yammer,,,,
yammered,,,,
yammering,,,,
yammers,,,,