Riot_words,,,,
activism,,,,
activist,,,,
activists,,,,
affront,,,,
affronted,,,,
affronting,,,,
affronts,,,,
anarchical,,,,
anarchies,,,,
anarchism,,,,
anarchist,,,,
anarchistic,,,,
anarchists,,,,
anarchy,,,,
animus,,,,
animuses,,,,
antagonism,,,,
antagonisms,,,,
antagonist,,,,
antagonistic,,,,
antagonistically,,,,
antagonists,,,,
antagonize,,,,
antagonize,,,,
antagonized,,,,
antagonizes,,,,
antagonizing,,,,
assail,,,,
assailability,,,,
assailable,,,,
assailant,,,,
assailants,,,,
assailed,,,,
assailing,,,,
assails,,,,
assault,,,,
assaulted,,,,
assaulter,,,,
assaulters,,,,
assaulting,,,,
assaultive,,,,
assaults,,,,
attack,,,,
attacked,,,,
attacker,,,,
attackers,,,,
attacking,,,,
attacks,,,,
avenge,,,,
avenged,,,,
avenger,,,,
avengers,,,,
avenges,,,,
avenging,,,,
battle,,,,
battled,,,,
battler,,,,
battlers,,,,
battles,,,,
battling,,,,
bear,,,,
bear the brunt,,,,
bearable,,,,
bearer,,,,
bearers,,,,
bearing,,,,
Bearing the brunt,,,,
bearings,,,,
bears,,,,
Bears the brunt,,,,
bide,,,,
bided,,,,
bides,,,,
biding,,,,
bloodshed,,,,
bloodsheds,,,,
bluff,,,,
bluffed,,,,
bluffer,,,,
bluffers,,,,
bluffing,,,,
bluffly,,,,
bluffness,,,,
bluffnesses,,,,
bluffs,,,,
borne,,,,
brave,,,,
braved,,,,
bravely,,,,
braveness,,,,
bravenesses,,,,
braves,,,,
braving,,,,
brawl,,,,
brawled,,,,
brawler,,,,
brawlers,,,,
brawling,,,,
brawls,,,,
burst,,,,
burster,,,,
bursters,,,,
bursting,,,,
bursts,,,,
cabal,,,,
caballed,,,,
caballing,,,,
cabals,,,,
came up against,,,,
cherish,,,,
cherished,,,,
cherishes,,,,
cherishing,,,,
combat,,,,
combatant,,,,
combatants,,,,
combated,,,,
combating,,,,
combative,,,,
combatively,,,,
combativeness,,,,
combativenesses,,,,
combats,,,,
come up against,,,,
Comes up against,,,,
coming up against,,,,
commotion,,,,
commotions,,,,
confront,,,,
confrontation,,,,
confrontational,,,,
confrontations,,,,
confronted,,,,
confronting,,,,
confronts,,,,
conservation,,,,
conservationist,,,,
conservationists,,,,
conservations,,,,
conserve,,,,
conserved,,,,
conserves,,,,
conserving,,,,
contend,,,,
contended,,,,
contender,,,,
contenders,,,,
contending,,,,
contends,,,,
contention,,,,
contentions,,,,
contentious,,,,
contentiousness,,,,
contentiousnesses,,,,
counteract,,,,
counteracted,,,,
counteracting,,,,
counteraction,,,,
counteractions,,,,
counteractive,,,,
counteractively,,,,
counteracts,,,,
counterblow,,,,
counterblows,,,,
counterinsurgencies,,,,
counterinsurgency,,,,
counterinsurgent,,,,
counterplay,,,,
counterplays,,,,
countervail,,,,
countervailed,,,,
countervailing,,,,
countervails,,,,
coup,,,,
coup d'Ã©tat,,,,
coups,,,,
crime,,,,
crimes,,,,
criminal,,,,
criminalities,,,,
criminality,,,,
criminalize,,,,
criminalize,,,,
criminalized,,,,
criminalizes,,,,
criminalizing,,,,
criminally,,,,
criminalness,,,,
criminalnesses,,,,
criminals,,,,
criminate,,,,
criminated,,,,
criminates,,,,
criminating,,,,
criminative,,,,
criminatory,,,,
curb,,,,
curbed,,,,
curbing,,,,
curbs,,,,
debacle,,,,
debacles,,,,
defeat,,,,
defeated,,,,
defeating,,,,
defeatism,,,,
defeatisms,,,,
defeatist,,,,
defeatists,,,,
defeats,,,,
defiance,,,,
defiances,,,,
defiant,,,,
defiantly,,,,
defied,,,,
defies,,,,
defy,,,,
defying,,,,
destroy,,,,
destroyed,,,,
destroyer,,,,
destroyers,,,,
destroying,,,,
destroys,,,,
destructibilities,,,,
destructibility,,,,
destructible,,,,
destruction,,,,
destructions,,,,
destructive,,,,
destructively,,,,
destructiveness,,,,
destructivenesses,,,,
disorder,,,,
disordered,,,,
disordering,,,,
disorders,,,,
disputant,,,,
disputants,,,,
disputation,,,,
disputations,,,,
disputatious,,,,
disputatiously,,,,
disputative,,,,
dispute,,,,
disputed,,,,
disputes,,,,
disputing,,,,
disturb,,,,
disturbance,,,,
disturbances,,,,
disturbed,,,,
disturbing,,,,
disturbs,,,,
duel,,,,
dueler,,,,
duelers,,,,
duelist,,,,
duelists,,,,
duelled,,,,
dueller,,,,
duellers,,,,
duelling,,,,
duellist,,,,
duellists,,,,
duels,,,,
endure,,,,
endured,,,,
endures,,,,
enduring,,,,
entrench,,,,
entrenchment,,,,
entrenchments,,,,
espousal,,,,
espousals,,,,
espouse,,,,
espoused,,,,
espouses,,,,
espousing,,,,
eye for an eye,,,,
face down,,,,
face off,,,,
face up to,,,,
face with,,,,
Faced down,,,,
faced off,,,,
faced up to,,,,
faced with,,,,
Faces down,,,,
faces off,,,,
Faces up to,,,,
Faces with,,,,
Facing down,,,,
facing off,,,,
Facing up to,,,,
facing with,,,,
fend off,,,,
fended off,,,,
fending off,,,,
Fends off,,,,
fight,,,,
fight back,,,,
fight for,,,,
fighter,,,,
fighters,,,,
fighting,,,,
fighting back,,,,
fighting for,,,,
fightings,,,,
fights,,,,
Fights for,,,,
flout,,,,
flouted,,,,
flouter,,,,
flouters,,,,
flouting,,,,
flouts,,,,
fly in the face of,,,,
foment,,,,
fomentation,,,,
fomentations,,,,
fomented,,,,
fomenter,,,,
fomenters,,,,
fomenting,,,,
foments,,,,
fort,,,,
fortification,,,,
fortifications,,,,
fortified,,,,
fortifies,,,,
fortify,,,,
fortifying,,,,
forts,,,,
fought,,,,
fought back,,,,
fought for,,,,
free-for-all,,,,
free-for-all,,,,
frees-for-all,,,,
front,,,,
frontage,,,,
frontages,,,,
frontal,,,,
frontally,,,,
frontals,,,,
fronted,,,,
fronting,,,,
fronts,,,,
garrison,,,,
garrisoned,,,,
garrisoning,,,,
garrisons,,,,
get even,,,,
Gets even,,,,
getting even,,,,
gibe,,,,
gibed,,,,
gibes,,,,
gibing,,,,
go one-on-one,,,,
go up against,,,,
Goes one-on-one,,,,
goes up against,,,,
going one-on-one,,,,
going up against,,,,
got even,,,,
grin and bear it,,,,
guard,,,,
guard against,,,,
guarded,,,,
guarding,,,,
guards,,,,
guerrilla,,,,
guerrillas,,,,
hang in,,,,
hang tough,,,,
held,,,,
held off,,,,
hind,,,,
hinder,,,,
hindered,,,,
hindering,,,,
hinders,,,,
hindrance,,,,
hindrances,,,,
hinds,,,,
hold,,,,
hold at bay,,,,
hold off,,,,
hold out against,,,,
holder,,,,
holders,,,,
holding,,,,
holding off,,,,
holdings,,,,
holds,,,,
hurl defiance at,,,,
ill will,,,,
ill-willed,,,,
incriminate,,,,
incriminated,,,,
incriminates,,,,
incriminating,,,,
incrimination,,,,
incriminations,,,,
incriminatory,,,,
insult,,,,
insulted,,,,
insulting,,,,
insults,,,,
insurgencies,,,,
insurgency,,,,
insurgent,,,,
insurgents,,,,
insurrection,,,,
insurrectional,,,,
insurrectionary,,,,
insurrectionist,,,,
insurrectionists,,,,
insurrections,,,,
justice,,,,
justices,,,,
keep from,,,,
keep safe,,,,
keep up,,,,
Keeping from,,,,
Keeping safe,,,,
Keeping up,,,,
Keeps from,,,,
keeps safe,,,,
keeps up,,,,
Kept from,,,,
kept safe,,,,
kept up,,,,
lawless,,,,
lawlessness,,,,
lawlessnesses,,,,
malevolence,,,,
malevolences,,,,
malevolencies,,,,
malevolency,,,,
malevolent,,,,
malevolently,,,,
march,,,,
marched,,,,
marcher,,,,
marchers,,,,
marches,,,,
marching,,,,
marchings,,,,
measure for measure,,,,
meet eyeball-to-eyeball,,,,
misrule,,,,
misrules,,,,
mob,,,,
mobbed,,,,
mobbing,,,,
mobs,,,,
mobster,,,,
mobsters,,,,
mutineer,,,,
mutineers,,,,
mutinied,,,,
mutinies,,,,
mutinous,,,,
mutiny,,,,
mutinying,,,,
never say die,,,,
opponent,,,,
opponents,,,,
oppose,,,,
opposed,,,,
opposer,,,,
opposers,,,,
opposes,,,,
opposing,,,,
opposition,,,,
oppositions,,,,
outbreak,,,,
outbreaks,,,,
overthrew,,,,
overthrow,,,,
overthrowing,,,,
overthrown,,,,
overthrows,,,,
overturn,,,,
overturned,,,,
overturning,,,,
overturns,,,,
patriot,,,,
patriots,,,,
perseverance,,,,
perseverances,,,,
perseverate,,,,
perseveration,,,,
perseverations,,,,
persevere,,,,
persevered,,,,
perseveres,,,,
persevering,,,,
persist,,,,
persisted,,,,
persistence,,,,
persistences,,,,
persistencies,,,,
persistency,,,,
persistent,,,,
persistently,,,,
persisting,,,,
persists,,,,
plot,,,,
plots,,,,
plotted,,,,
plotter,,,,
plotters,,,,
plotting,,,,
preservation,,,,
preservations,,,,
preservative,,,,
preservatives,,,,
preserve,,,,
preserved,,,,
preserver,,,,
preservers,,,,
preserves,,,,
preserving,,,,
protest,,,,
protestant,,,,
protestation,,,,
protestations,,,,
protested,,,,
protester,,,,
protesters,,,,
protesting,,,,
protests,,,,
provide sanctuary,,,,
provocation,,,,
provocations,,,,
provocative,,,,
provocatively,,,,
provoke,,,,
provoked,,,,
provoker,,,,
provokers,,,,
provokes,,,,
provoking,,,,
Put up a fight,,,,
put up with,,,,
radical change,,,,
ran-in,,,,
rancor,,,,
rancorous,,,,
rancors,,,,
rebel,,,,
rebelled,,,,
rebelling,,,,
rebellion,,,,
rebellions,,,,
rebellious,,,,
rebelliously,,,,
rebelliousness,,,,
rebelliousnesses,,,,
rebels,,,,
reform,,,,
reformation,,,,
reformations,,,,
reformative,,,,
reformatories,,,,
reformatory,,,,
reformed,,,,
reformer,,,,
reformers,,,,
reforming,,,,
reformism,,,,
reformisms,,,,
reformist,,,,
reformists,,,,
reforms,,,,
remain firm,,,,
remained firm,,,,
Remaining firm,,,,
Remains firm,,,,
repel,,,,
repellants,,,,
repelled,,,,
repellent,,,,
repellent,,,,
repellently,,,,
repellents,,,,
repelling,,,,
repels,,,,
reprisal,,,,
reprisals,,,,
repulse,,,,
repulsed,,,,
repulses,,,,
repulsing,,,,
repulsion,,,,
repulsions,,,,
repulsive,,,,
repulsively,,,,
repulsiveness,,,,
repulsivenesses,,,,
requital,,,,
requitals,,,,
requite,,,,
requited,,,,
requites,,,,
requiting,,,,
resist,,,,
resistance,,,,
resistances,,,,
resistant,,,,
resisted,,,,
resister,,,,
resisters,,,,
resisting,,,,
resistive,,,,
resistivities,,,,
resistivity,,,,
resists,,,,
retribution,,,,
retributions,,,,
revolt,,,,
revolted,,,,
revolting,,,,
revolts,,,,
revolution,,,,
revolutionaries,,,,
revolutionary,,,,
revolutionism,,,,
revolutionisms,,,,
revolutionist,,,,
revolutionists,,,,
revolutionize,,,,
revolutionize,,,,
revolutionized,,,,
revolutionizes,,,,
revolutionizing,,,,
revolutions,,,,
revolve,,,,
revolved,,,,
revolves,,,,
revolving,,,,
riot,,,,
rioted,,,,
rioter,,,,
rioters,,,,
rioting,,,,
riotings,,,,
riotous,,,,
riotously,,,,
riots,,,,
rise up,,,,
run-in,,,,
run-ins,,,,
ruthless,,,,
ruthlessly,,,,
ruthlessness,,,,
ruthlessnesses,,,,
safeguard,,,,
safeguarded,,,,
safeguarding,,,,
safeguards,,,,
save,,,,
saved,,,,
saver,,,,
savers,,,,
saves,,,,
saving,,,,
savings,,,,
savior,,,,
saviors,,,,
scorn,,,,
scorned,,,,
scorners,,,,
scorning,,,,
scorns,,,,
secure,,,,
secured,,,,
securely,,,,
secureness,,,,
securenesses,,,,
securer,,,,
securers,,,,
secures,,,,
securing,,,,
securities,,,,
security,,,,
shake_up,,,,
shake-up,,,,
shake-ups,,,,
shakeup,,,,
shakeups,,,,
shelter,,,,
sheltered,,,,
sheltering,,,,
shelters,,,,
shield,,,,
shielded,,,,
shielder,,,,
shielders,,,,
shielding,,,,
shieldings,,,,
shields,,,,
slight,,,,
slighted,,,,
slighting,,,,
slightly,,,,
slightness,,,,
slightnesses,,,,
slights,,,,
social change,,,,
sortie,,,,
sorties,,,,
spiteful,,,,
spitefully,,,,
spitefulness,,,,
spitefulnesses,,,,
stand up to,,,,
Standed up to,,,,
Standing up to,,,,
Stands up to,,,,
stave off,,,,
step down,,,,
Stepped down,,,,
Stepping down,,,,
Steps down,,,,
stick fast,,,,
stick it out,,,,
stir uo,,,,
stirred up,,,,
stirring up,,,,
storm,,,,
stormed,,,,
stormily,,,,
storminess,,,,
storminesses,,,,
storming,,,,
storms,,,,
stormy,,,,
street fighting,,,,
strife,,,,
strifes,,,,
strike,,,,
striker,,,,
strikers,,,,
strikes,,,,
striking,,,,
strikingly,,,,
strikingness,,,,
strikingnesses,,,,
strikings,,,,
struck,,,,
struggle against,,,,
Struggled against,,,,
Struggles against,,,,
Struggling against,,,,
stuck,,,,
subversion,,,,
subversions,,,,
subversive,,,,
subversiveness,,,,
subversivenesses,,,,
subversives,,,,
subvert,,,,
subverted,,,,
subverter,,,,
subverters,,,,
subverting,,,,
subverts,,,,
upheld,,,,
uphold,,,,
upholder,,,,
upholders,,,,
upholding,,,,
upholds,,,,
violence,,,,
violences,,,,
violent,,,,
violently,,,,
war,,,,
ward off,,,,
Warded off,,,,
Warding off,,,,
Wards off,,,,
warrior,,,,
warriors,,,,
wars,,,,
went one-on-one,,,,
went up against (past tense),,,,
withstand,,,,
withstander,,,,
withstanders,,,,
withstanding,,,,
withstands,,,,
withstood,,,,